,business_id,I1S,I2S,I3S,I4S,I5S,E1S,E2S,E3S,E4S,E5S,T1S,T2S,T3S,T4S,T5S,F1S,F2S,F3S,F4S,F5S,N1S,N2S,N3S,N4S,N5S,S1S,S2S,S3S,S4S,S5S,P1S,P2S,P3S,P4S,P5S,J1S,J2S,J3S,J4S,J5S,total
0,-ed0Yc9on37RoIoG2ZgxBA,59,31,82,220,388,65,33,79,221,412,8,12,16,33,46,116,52,145,408,754,29,14,43,125,190,95,50,118,316,610,104,51,131,345,700,20,13,30,96,100,6360
1,-ed0Yc9on37RoIoG2ZgxBA,59,31,82,220,388,65,33,79,221,412,8,12,16,33,46,116,52,145,408,754,29,14,43,125,190,95,50,118,316,610,104,51,131,345,700,20,13,30,96,100,6360
3,-ed0Yc9on37RoIoG2ZgxBA,59,31,82,220,388,65,33,79,221,412,8,12,16,33,46,116,52,145,408,754,29,14,43,125,190,95,50,118,316,610,104,51,131,345,700,20,13,30,96,100,6360
8,-ed0Yc9on37RoIoG2ZgxBA,59,31,82,220,388,65,33,79,221,412,8,12,16,33,46,116,52,145,408,754,29,14,43,125,190,95,50,118,316,610,104,51,131,345,700,20,13,30,96,100,6360
9,-ed0Yc9on37RoIoG2ZgxBA,59,31,82,220,388,65,33,79,221,412,8,12,16,33,46,116,52,145,408,754,29,14,43,125,190,95,50,118,316,610,104,51,131,345,700,20,13,30,96,100,6360
1590,2sx52lDoiEtef7xgPCaoBw,22,33,36,80,444,16,20,35,105,424,5,5,6,11,37,33,48,65,174,831,5,14,20,57,218,33,39,51,128,650,30,44,62,155,762,8,9,9,30,106,4860
1591,2sx52lDoiEtef7xgPCaoBw,22,33,36,80,444,16,20,35,105,424,5,5,6,11,37,33,48,65,174,831,5,14,20,57,218,33,39,51,128,650,30,44,62,155,762,8,9,9,30,106,4860
1592,2sx52lDoiEtef7xgPCaoBw,22,33,36,80,444,16,20,35,105,424,5,5,6,11,37,33,48,65,174,831,5,14,20,57,218,33,39,51,128,650,30,44,62,155,762,8,9,9,30,106,4860
1593,2sx52lDoiEtef7xgPCaoBw,22,33,36,80,444,16,20,35,105,424,5,5,6,11,37,33,48,65,174,831,5,14,20,57,218,33,39,51,128,650,30,44,62,155,762,8,9,9,30,106,4860
1594,2sx52lDoiEtef7xgPCaoBw,22,33,36,80,444,16,20,35,105,424,5,5,6,11,37,33,48,65,174,831,5,14,20,57,218,33,39,51,128,650,30,44,62,155,762,8,9,9,30,106,4860
2805,3GEEy7RP6e4bT4LAiWFMFQ,54,50,85,251,505,43,57,78,286,553,6,8,23,45,59,91,99,140,492,999,14,32,38,155,281,83,75,125,382,777,84,94,126,447,895,13,13,37,90,163,7848
2806,3GEEy7RP6e4bT4LAiWFMFQ,54,50,85,251,505,43,57,78,286,553,6,8,23,45,59,91,99,140,492,999,14,32,38,155,281,83,75,125,382,777,84,94,126,447,895,13,13,37,90,163,7848
2808,3GEEy7RP6e4bT4LAiWFMFQ,54,50,85,251,505,43,57,78,286,553,6,8,23,45,59,91,99,140,492,999,14,32,38,155,281,83,75,125,382,777,84,94,126,447,895,13,13,37,90,163,7848
2810,3GEEy7RP6e4bT4LAiWFMFQ,54,50,85,251,505,43,57,78,286,553,6,8,23,45,59,91,99,140,492,999,14,32,38,155,281,83,75,125,382,777,84,94,126,447,895,13,13,37,90,163,7848
2817,3GEEy7RP6e4bT4LAiWFMFQ,54,50,85,251,505,43,57,78,286,553,6,8,23,45,59,91,99,140,492,999,14,32,38,155,281,83,75,125,382,777,84,94,126,447,895,13,13,37,90,163,7848
4767,3uC7Lbc3RgUDTWQlBu4PqQ,23,42,79,184,208,23,52,67,203,234,4,11,12,33,32,42,83,134,354,410,12,38,36,76,133,34,56,110,311,309,41,80,120,312,392,5,14,26,75,50,4460
4768,3uC7Lbc3RgUDTWQlBu4PqQ,23,42,79,184,208,23,52,67,203,234,4,11,12,33,32,42,83,134,354,410,12,38,36,76,133,34,56,110,311,309,41,80,120,312,392,5,14,26,75,50,4460
4774,3uC7Lbc3RgUDTWQlBu4PqQ,23,42,79,184,208,23,52,67,203,234,4,11,12,33,32,42,83,134,354,410,12,38,36,76,133,34,56,110,311,309,41,80,120,312,392,5,14,26,75,50,4460
4777,3uC7Lbc3RgUDTWQlBu4PqQ,23,42,79,184,208,23,52,67,203,234,4,11,12,33,32,42,83,134,354,410,12,38,36,76,133,34,56,110,311,309,41,80,120,312,392,5,14,26,75,50,4460
4801,3uC7Lbc3RgUDTWQlBu4PqQ,23,42,79,184,208,23,52,67,203,234,4,11,12,33,32,42,83,134,354,410,12,38,36,76,133,34,56,110,311,309,41,80,120,312,392,5,14,26,75,50,4460
5882,5shgJB7a-2_gdnzc0gsOtg,20,17,64,219,301,19,15,54,247,351,4,5,17,38,56,35,27,101,428,596,11,10,29,131,193,28,22,89,335,459,34,29,98,394,553,5,3,20,72,99,5228
5885,5shgJB7a-2_gdnzc0gsOtg,20,17,64,219,301,19,15,54,247,351,4,5,17,38,56,35,27,101,428,596,11,10,29,131,193,28,22,89,335,459,34,29,98,394,553,5,3,20,72,99,5228
5889,5shgJB7a-2_gdnzc0gsOtg,20,17,64,219,301,19,15,54,247,351,4,5,17,38,56,35,27,101,428,596,11,10,29,131,193,28,22,89,335,459,34,29,98,394,553,5,3,20,72,99,5228
5891,5shgJB7a-2_gdnzc0gsOtg,20,17,64,219,301,19,15,54,247,351,4,5,17,38,56,35,27,101,428,596,11,10,29,131,193,28,22,89,335,459,34,29,98,394,553,5,3,20,72,99,5228
5896,5shgJB7a-2_gdnzc0gsOtg,20,17,64,219,301,19,15,54,247,351,4,5,17,38,56,35,27,101,428,596,11,10,29,131,193,28,22,89,335,459,34,29,98,394,553,5,3,20,72,99,5228
7189,6tSvz_21BMo3a4GaItwa0g,43,31,44,113,301,58,23,54,109,320,9,5,9,22,35,92,49,89,200,586,30,11,30,66,141,71,43,68,156,480,86,40,74,173,538,15,14,24,49,83,4384
7190,6tSvz_21BMo3a4GaItwa0g,43,31,44,113,301,58,23,54,109,320,9,5,9,22,35,92,49,89,200,586,30,11,30,66,141,71,43,68,156,480,86,40,74,173,538,15,14,24,49,83,4384
7206,6tSvz_21BMo3a4GaItwa0g,43,31,44,113,301,58,23,54,109,320,9,5,9,22,35,92,49,89,200,586,30,11,30,66,141,71,43,68,156,480,86,40,74,173,538,15,14,24,49,83,4384
7219,6tSvz_21BMo3a4GaItwa0g,43,31,44,113,301,58,23,54,109,320,9,5,9,22,35,92,49,89,200,586,30,11,30,66,141,71,43,68,156,480,86,40,74,173,538,15,14,24,49,83,4384
7227,6tSvz_21BMo3a4GaItwa0g,43,31,44,113,301,58,23,54,109,320,9,5,9,22,35,92,49,89,200,586,30,11,30,66,141,71,43,68,156,480,86,40,74,173,538,15,14,24,49,83,4384
8285,7ibuDLfx8gEhESAufYIySw,47,34,67,137,186,57,39,61,149,234,9,7,13,25,29,95,66,115,261,391,34,18,33,73,108,70,55,95,213,312,88,65,96,228,372,16,8,32,58,48,4044
8290,7ibuDLfx8gEhESAufYIySw,47,34,67,137,186,57,39,61,149,234,9,7,13,25,29,95,66,115,261,391,34,18,33,73,108,70,55,95,213,312,88,65,96,228,372,16,8,32,58,48,4044
8294,7ibuDLfx8gEhESAufYIySw,47,34,67,137,186,57,39,61,149,234,9,7,13,25,29,95,66,115,261,391,34,18,33,73,108,70,55,95,213,312,88,65,96,228,372,16,8,32,58,48,4044
8297,7ibuDLfx8gEhESAufYIySw,47,34,67,137,186,57,39,61,149,234,9,7,13,25,29,95,66,115,261,391,34,18,33,73,108,70,55,95,213,312,88,65,96,228,372,16,8,32,58,48,4044
8321,7ibuDLfx8gEhESAufYIySw,47,34,67,137,186,57,39,61,149,234,9,7,13,25,29,95,66,115,261,391,34,18,33,73,108,70,55,95,213,312,88,65,96,228,372,16,8,32,58,48,4044
9296,9SU7ZZhaFUJJ6m2k5HKHeg,252,153,168,213,175,244,130,153,207,185,37,28,25,39,17,459,255,296,381,343,102,69,82,100,96,394,214,239,320,264,441,240,277,366,313,55,43,44,54,47,7520
9297,9SU7ZZhaFUJJ6m2k5HKHeg,252,153,168,213,175,244,130,153,207,185,37,28,25,39,17,459,255,296,381,343,102,69,82,100,96,394,214,239,320,264,441,240,277,366,313,55,43,44,54,47,7520
9298,9SU7ZZhaFUJJ6m2k5HKHeg,252,153,168,213,175,244,130,153,207,185,37,28,25,39,17,459,255,296,381,343,102,69,82,100,96,394,214,239,320,264,441,240,277,366,313,55,43,44,54,47,7520
9300,9SU7ZZhaFUJJ6m2k5HKHeg,252,153,168,213,175,244,130,153,207,185,37,28,25,39,17,459,255,296,381,343,102,69,82,100,96,394,214,239,320,264,441,240,277,366,313,55,43,44,54,47,7520
9306,9SU7ZZhaFUJJ6m2k5HKHeg,252,153,168,213,175,244,130,153,207,185,37,28,25,39,17,459,255,296,381,343,102,69,82,100,96,394,214,239,320,264,441,240,277,366,313,55,43,44,54,47,7520
11176,A5Rkh7UymKm0_Rxm9K2PJw,34,40,92,227,217,41,40,91,255,265,10,8,29,54,33,65,72,154,428,449,17,21,52,147,144,58,59,131,335,338,62,55,143,372,396,13,25,40,110,86,5208
11178,A5Rkh7UymKm0_Rxm9K2PJw,34,40,92,227,217,41,40,91,255,265,10,8,29,54,33,65,72,154,428,449,17,21,52,147,144,58,59,131,335,338,62,55,143,372,396,13,25,40,110,86,5208
11181,A5Rkh7UymKm0_Rxm9K2PJw,34,40,92,227,217,41,40,91,255,265,10,8,29,54,33,65,72,154,428,449,17,21,52,147,144,58,59,131,335,338,62,55,143,372,396,13,25,40,110,86,5208
11199,A5Rkh7UymKm0_Rxm9K2PJw,34,40,92,227,217,41,40,91,255,265,10,8,29,54,33,65,72,154,428,449,17,21,52,147,144,58,59,131,335,338,62,55,143,372,396,13,25,40,110,86,5208
11201,A5Rkh7UymKm0_Rxm9K2PJw,34,40,92,227,217,41,40,91,255,265,10,8,29,54,33,65,72,154,428,449,17,21,52,147,144,58,59,131,335,338,62,55,143,372,396,13,25,40,110,86,5208
12478,BLIJ-p5wYuAhw6Pp6mh6mw,276,178,292,390,200,285,197,310,474,217,31,37,57,79,32,530,338,545,785,385,122,93,141,222,101,439,282,461,642,316,496,312,517,747,369,65,63,85,117,48,11276
12479,BLIJ-p5wYuAhw6Pp6mh6mw,276,178,292,390,200,285,197,310,474,217,31,37,57,79,32,530,338,545,785,385,122,93,141,222,101,439,282,461,642,316,496,312,517,747,369,65,63,85,117,48,11276
12480,BLIJ-p5wYuAhw6Pp6mh6mw,276,178,292,390,200,285,197,310,474,217,31,37,57,79,32,530,338,545,785,385,122,93,141,222,101,439,282,461,642,316,496,312,517,747,369,65,63,85,117,48,11276
12482,BLIJ-p5wYuAhw6Pp6mh6mw,276,178,292,390,200,285,197,310,474,217,31,37,57,79,32,530,338,545,785,385,122,93,141,222,101,439,282,461,642,316,496,312,517,747,369,65,63,85,117,48,11276
12493,BLIJ-p5wYuAhw6Pp6mh6mw,276,178,292,390,200,285,197,310,474,217,31,37,57,79,32,530,338,545,785,385,122,93,141,222,101,439,282,461,642,316,496,312,517,747,369,65,63,85,117,48,11276
15297,CVKOPzBVOj3_apFUmZ9ZWw,14,44,53,147,187,25,36,53,170,208,1,7,12,27,21,38,73,94,290,374,14,17,29,77,100,25,63,77,240,295,35,66,90,266,346,4,14,16,51,49,3748
15300,CVKOPzBVOj3_apFUmZ9ZWw,14,44,53,147,187,25,36,53,170,208,1,7,12,27,21,38,73,94,290,374,14,17,29,77,100,25,63,77,240,295,35,66,90,266,346,4,14,16,51,49,3748
15301,CVKOPzBVOj3_apFUmZ9ZWw,14,44,53,147,187,25,36,53,170,208,1,7,12,27,21,38,73,94,290,374,14,17,29,77,100,25,63,77,240,295,35,66,90,266,346,4,14,16,51,49,3748
15304,CVKOPzBVOj3_apFUmZ9ZWw,14,44,53,147,187,25,36,53,170,208,1,7,12,27,21,38,73,94,290,374,14,17,29,77,100,25,63,77,240,295,35,66,90,266,346,4,14,16,51,49,3748
15313,CVKOPzBVOj3_apFUmZ9ZWw,14,44,53,147,187,25,36,53,170,208,1,7,12,27,21,38,73,94,290,374,14,17,29,77,100,25,63,77,240,295,35,66,90,266,346,4,14,16,51,49,3748
16234,DbEszO3wk1xVmN3pCPob2g,10,27,42,133,267,20,25,40,126,283,3,4,13,25,34,27,48,69,234,516,9,16,21,77,137,21,36,61,182,413,23,44,64,214,475,7,8,18,45,75,3892
16235,DbEszO3wk1xVmN3pCPob2g,10,27,42,133,267,20,25,40,126,283,3,4,13,25,34,27,48,69,234,516,9,16,21,77,137,21,36,61,182,413,23,44,64,214,475,7,8,18,45,75,3892
16236,DbEszO3wk1xVmN3pCPob2g,10,27,42,133,267,20,25,40,126,283,3,4,13,25,34,27,48,69,234,516,9,16,21,77,137,21,36,61,182,413,23,44,64,214,475,7,8,18,45,75,3892
16242,DbEszO3wk1xVmN3pCPob2g,10,27,42,133,267,20,25,40,126,283,3,4,13,25,34,27,48,69,234,516,9,16,21,77,137,21,36,61,182,413,23,44,64,214,475,7,8,18,45,75,3892
16280,DbEszO3wk1xVmN3pCPob2g,10,27,42,133,267,20,25,40,126,283,3,4,13,25,34,27,48,69,234,516,9,16,21,77,137,21,36,61,182,413,23,44,64,214,475,7,8,18,45,75,3892
17207,DzKl51tivGJMLiNsQqf38w,53,36,52,106,193,49,39,56,130,243,8,7,6,22,22,94,68,102,214,414,24,18,32,62,102,78,57,76,174,334,88,62,85,181,359,14,13,23,55,77,3828
17208,DzKl51tivGJMLiNsQqf38w,53,36,52,106,193,49,39,56,130,243,8,7,6,22,22,94,68,102,214,414,24,18,32,62,102,78,57,76,174,334,88,62,85,181,359,14,13,23,55,77,3828
17209,DzKl51tivGJMLiNsQqf38w,53,36,52,106,193,49,39,56,130,243,8,7,6,22,22,94,68,102,214,414,24,18,32,62,102,78,57,76,174,334,88,62,85,181,359,14,13,23,55,77,3828
17211,DzKl51tivGJMLiNsQqf38w,53,36,52,106,193,49,39,56,130,243,8,7,6,22,22,94,68,102,214,414,24,18,32,62,102,78,57,76,174,334,88,62,85,181,359,14,13,23,55,77,3828
17231,DzKl51tivGJMLiNsQqf38w,53,36,52,106,193,49,39,56,130,243,8,7,6,22,22,94,68,102,214,414,24,18,32,62,102,78,57,76,174,334,88,62,85,181,359,14,13,23,55,77,3828
18164,Ec9CBmL3285XkeHaNp-bSQ,33,31,70,180,306,23,33,78,225,338,2,6,15,38,27,54,58,133,367,617,7,16,34,116,175,49,48,114,289,469,48,49,117,329,563,8,15,31,76,81,5268
18165,Ec9CBmL3285XkeHaNp-bSQ,33,31,70,180,306,23,33,78,225,338,2,6,15,38,27,54,58,133,367,617,7,16,34,116,175,49,48,114,289,469,48,49,117,329,563,8,15,31,76,81,5268
18170,Ec9CBmL3285XkeHaNp-bSQ,33,31,70,180,306,23,33,78,225,338,2,6,15,38,27,54,58,133,367,617,7,16,34,116,175,49,48,114,289,469,48,49,117,329,563,8,15,31,76,81,5268
18172,Ec9CBmL3285XkeHaNp-bSQ,33,31,70,180,306,23,33,78,225,338,2,6,15,38,27,54,58,133,367,617,7,16,34,116,175,49,48,114,289,469,48,49,117,329,563,8,15,31,76,81,5268
18180,Ec9CBmL3285XkeHaNp-bSQ,33,31,70,180,306,23,33,78,225,338,2,6,15,38,27,54,58,133,367,617,7,16,34,116,175,49,48,114,289,469,48,49,117,329,563,8,15,31,76,81,5268
19481,FLMxWQO-ckCQmGZhU9OQgw,58,86,134,241,136,67,103,154,236,152,10,17,33,42,21,115,172,255,435,267,29,42,84,106,63,96,147,204,371,225,108,162,233,421,252,17,27,55,56,36,5468
19482,FLMxWQO-ckCQmGZhU9OQgw,58,86,134,241,136,67,103,154,236,152,10,17,33,42,21,115,172,255,435,267,29,42,84,106,63,96,147,204,371,225,108,162,233,421,252,17,27,55,56,36,5468
19483,FLMxWQO-ckCQmGZhU9OQgw,58,86,134,241,136,67,103,154,236,152,10,17,33,42,21,115,172,255,435,267,29,42,84,106,63,96,147,204,371,225,108,162,233,421,252,17,27,55,56,36,5468
19487,FLMxWQO-ckCQmGZhU9OQgw,58,86,134,241,136,67,103,154,236,152,10,17,33,42,21,115,172,255,435,267,29,42,84,106,63,96,147,204,371,225,108,162,233,421,252,17,27,55,56,36,5468
19488,FLMxWQO-ckCQmGZhU9OQgw,58,86,134,241,136,67,103,154,236,152,10,17,33,42,21,115,172,255,435,267,29,42,84,106,63,96,147,204,371,225,108,162,233,421,252,17,27,55,56,36,5468
20848,Gt4z3AylNTsEPDkzkaC7HA,94,88,58,73,129,78,72,57,100,151,14,15,12,18,12,158,145,103,155,268,42,40,24,52,61,130,120,91,121,219,144,129,96,137,227,28,31,19,36,53,3600
20849,Gt4z3AylNTsEPDkzkaC7HA,94,88,58,73,129,78,72,57,100,151,14,15,12,18,12,158,145,103,155,268,42,40,24,52,61,130,120,91,121,219,144,129,96,137,227,28,31,19,36,53,3600
20850,Gt4z3AylNTsEPDkzkaC7HA,94,88,58,73,129,78,72,57,100,151,14,15,12,18,12,158,145,103,155,268,42,40,24,52,61,130,120,91,121,219,144,129,96,137,227,28,31,19,36,53,3600
20860,Gt4z3AylNTsEPDkzkaC7HA,94,88,58,73,129,78,72,57,100,151,14,15,12,18,12,158,145,103,155,268,42,40,24,52,61,130,120,91,121,219,144,129,96,137,227,28,31,19,36,53,3600
20861,Gt4z3AylNTsEPDkzkaC7HA,94,88,58,73,129,78,72,57,100,151,14,15,12,18,12,158,145,103,155,268,42,40,24,52,61,130,120,91,121,219,144,129,96,137,227,28,31,19,36,53,3600
21748,HQcel0uvg7N7KfhHJChfSQ,94,34,54,112,167,82,44,74,178,183,13,4,13,17,15,163,74,115,273,335,43,27,35,77,90,133,51,93,213,260,148,66,96,253,296,28,12,32,37,54,4088
21749,HQcel0uvg7N7KfhHJChfSQ,94,34,54,112,167,82,44,74,178,183,13,4,13,17,15,163,74,115,273,335,43,27,35,77,90,133,51,93,213,260,148,66,96,253,296,28,12,32,37,54,4088
21755,HQcel0uvg7N7KfhHJChfSQ,94,34,54,112,167,82,44,74,178,183,13,4,13,17,15,163,74,115,273,335,43,27,35,77,90,133,51,93,213,260,148,66,96,253,296,28,12,32,37,54,4088
21762,HQcel0uvg7N7KfhHJChfSQ,94,34,54,112,167,82,44,74,178,183,13,4,13,17,15,163,74,115,273,335,43,27,35,77,90,133,51,93,213,260,148,66,96,253,296,28,12,32,37,54,4088
21777,HQcel0uvg7N7KfhHJChfSQ,94,34,54,112,167,82,44,74,178,183,13,4,13,17,15,163,74,115,273,335,43,27,35,77,90,133,51,93,213,260,148,66,96,253,296,28,12,32,37,54,4088
22770,IZivKqtHyz4-ts8KsnvMrA,12,19,57,151,344,17,26,51,137,362,2,5,11,25,32,27,40,97,263,674,6,8,31,74,171,23,37,77,214,535,27,41,87,226,595,2,4,21,62,111,4704
22776,IZivKqtHyz4-ts8KsnvMrA,12,19,57,151,344,17,26,51,137,362,2,5,11,25,32,27,40,97,263,674,6,8,31,74,171,23,37,77,214,535,27,41,87,226,595,2,4,21,62,111,4704
22788,IZivKqtHyz4-ts8KsnvMrA,12,19,57,151,344,17,26,51,137,362,2,5,11,25,32,27,40,97,263,674,6,8,31,74,171,23,37,77,214,535,27,41,87,226,595,2,4,21,62,111,4704
22792,IZivKqtHyz4-ts8KsnvMrA,12,19,57,151,344,17,26,51,137,362,2,5,11,25,32,27,40,97,263,674,6,8,31,74,171,23,37,77,214,535,27,41,87,226,595,2,4,21,62,111,4704
22796,IZivKqtHyz4-ts8KsnvMrA,12,19,57,151,344,17,26,51,137,362,2,5,11,25,32,27,40,97,263,674,6,8,31,74,171,23,37,77,214,535,27,41,87,226,595,2,4,21,62,111,4704
23946,JAmQCmczUclNUfZjkNdjQA,36,24,103,230,332,46,34,129,286,368,10,9,26,63,52,72,49,206,453,648,18,17,62,123,175,64,41,170,393,525,69,48,195,437,594,13,10,37,79,106,6352
23947,JAmQCmczUclNUfZjkNdjQA,36,24,103,230,332,46,34,129,286,368,10,9,26,63,52,72,49,206,453,648,18,17,62,123,175,64,41,170,393,525,69,48,195,437,594,13,10,37,79,106,6352
23948,JAmQCmczUclNUfZjkNdjQA,36,24,103,230,332,46,34,129,286,368,10,9,26,63,52,72,49,206,453,648,18,17,62,123,175,64,41,170,393,525,69,48,195,437,594,13,10,37,79,106,6352
23949,JAmQCmczUclNUfZjkNdjQA,36,24,103,230,332,46,34,129,286,368,10,9,26,63,52,72,49,206,453,648,18,17,62,123,175,64,41,170,393,525,69,48,195,437,594,13,10,37,79,106,6352
23977,JAmQCmczUclNUfZjkNdjQA,36,24,103,230,332,46,34,129,286,368,10,9,26,63,52,72,49,206,453,648,18,17,62,123,175,64,41,170,393,525,69,48,195,437,594,13,10,37,79,106,6352
25534,JDZ6_yycNQFTpUZzLIKHUg,60,41,75,130,624,53,58,115,151,629,13,5,14,14,65,100,94,176,267,1188,31,25,56,73,311,82,74,134,208,942,91,79,163,236,1085,22,20,27,45,168,7744
25544,JDZ6_yycNQFTpUZzLIKHUg,60,41,75,130,624,53,58,115,151,629,13,5,14,14,65,100,94,176,267,1188,31,25,56,73,311,82,74,134,208,942,91,79,163,236,1085,22,20,27,45,168,7744
25548,JDZ6_yycNQFTpUZzLIKHUg,60,41,75,130,624,53,58,115,151,629,13,5,14,14,65,100,94,176,267,1188,31,25,56,73,311,82,74,134,208,942,91,79,163,236,1085,22,20,27,45,168,7744
25557,JDZ6_yycNQFTpUZzLIKHUg,60,41,75,130,624,53,58,115,151,629,13,5,14,14,65,100,94,176,267,1188,31,25,56,73,311,82,74,134,208,942,91,79,163,236,1085,22,20,27,45,168,7744
25600,JDZ6_yycNQFTpUZzLIKHUg,60,41,75,130,624,53,58,115,151,629,13,5,14,14,65,100,94,176,267,1188,31,25,56,73,311,82,74,134,208,942,91,79,163,236,1085,22,20,27,45,168,7744
27470,KskYqH1Bi7Z_61pH6Om8pg,76,102,208,501,1052,70,97,221,529,1120,11,19,31,75,123,135,180,398,955,2049,34,44,101,290,558,112,155,328,740,1614,118,168,376,881,1892,28,31,53,149,280,15904
27471,KskYqH1Bi7Z_61pH6Om8pg,76,102,208,501,1052,70,97,221,529,1120,11,19,31,75,123,135,180,398,955,2049,34,44,101,290,558,112,155,328,740,1614,118,168,376,881,1892,28,31,53,149,280,15904
27475,KskYqH1Bi7Z_61pH6Om8pg,76,102,208,501,1052,70,97,221,529,1120,11,19,31,75,123,135,180,398,955,2049,34,44,101,290,558,112,155,328,740,1614,118,168,376,881,1892,28,31,53,149,280,15904
27476,KskYqH1Bi7Z_61pH6Om8pg,76,102,208,501,1052,70,97,221,529,1120,11,19,31,75,123,135,180,398,955,2049,34,44,101,290,558,112,155,328,740,1614,118,168,376,881,1892,28,31,53,149,280,15904
27479,KskYqH1Bi7Z_61pH6Om8pg,76,102,208,501,1052,70,97,221,529,1120,11,19,31,75,123,135,180,398,955,2049,34,44,101,290,558,112,155,328,740,1614,118,168,376,881,1892,28,31,53,149,280,15904
31446,LFs5jyYdXlzi0SpAYi1eSA,48,50,88,207,313,48,36,75,215,297,6,13,16,28,35,90,73,147,394,575,25,24,44,107,148,71,62,119,315,462,82,72,131,355,537,14,14,32,67,73,5508
31447,LFs5jyYdXlzi0SpAYi1eSA,48,50,88,207,313,48,36,75,215,297,6,13,16,28,35,90,73,147,394,575,25,24,44,107,148,71,62,119,315,462,82,72,131,355,537,14,14,32,67,73,5508
31449,LFs5jyYdXlzi0SpAYi1eSA,48,50,88,207,313,48,36,75,215,297,6,13,16,28,35,90,73,147,394,575,25,24,44,107,148,71,62,119,315,462,82,72,131,355,537,14,14,32,67,73,5508
31467,LFs5jyYdXlzi0SpAYi1eSA,48,50,88,207,313,48,36,75,215,297,6,13,16,28,35,90,73,147,394,575,25,24,44,107,148,71,62,119,315,462,82,72,131,355,537,14,14,32,67,73,5508
31480,LFs5jyYdXlzi0SpAYi1eSA,48,50,88,207,313,48,36,75,215,297,6,13,16,28,35,90,73,147,394,575,25,24,44,107,148,71,62,119,315,462,82,72,131,355,537,14,14,32,67,73,5508
32823,N93EYZy9R0sdlEvubu94ig,5,20,50,198,208,2,14,47,218,236,1,3,7,39,38,6,31,90,377,406,1,9,38,122,121,6,25,59,294,323,3,25,76,318,369,4,9,21,98,75,3992
32825,N93EYZy9R0sdlEvubu94ig,5,20,50,198,208,2,14,47,218,236,1,3,7,39,38,6,31,90,377,406,1,9,38,122,121,6,25,59,294,323,3,25,76,318,369,4,9,21,98,75,3992
32832,N93EYZy9R0sdlEvubu94ig,5,20,50,198,208,2,14,47,218,236,1,3,7,39,38,6,31,90,377,406,1,9,38,122,121,6,25,59,294,323,3,25,76,318,369,4,9,21,98,75,3992
32839,N93EYZy9R0sdlEvubu94ig,5,20,50,198,208,2,14,47,218,236,1,3,7,39,38,6,31,90,377,406,1,9,38,122,121,6,25,59,294,323,3,25,76,318,369,4,9,21,98,75,3992
32966,N93EYZy9R0sdlEvubu94ig,5,20,50,198,208,2,14,47,218,236,1,3,7,39,38,6,31,90,377,406,1,9,38,122,121,6,25,59,294,323,3,25,76,318,369,4,9,21,98,75,3992
33821,OETh78qcgDltvHULowwhJg,134,142,203,280,823,146,166,215,306,830,11,17,24,34,66,269,291,394,552,1587,74,81,93,166,425,206,227,325,420,1228,250,275,361,490,1456,30,33,57,96,197,12980
33823,OETh78qcgDltvHULowwhJg,134,142,203,280,823,146,166,215,306,830,11,17,24,34,66,269,291,394,552,1587,74,81,93,166,425,206,227,325,420,1228,250,275,361,490,1456,30,33,57,96,197,12980
33829,OETh78qcgDltvHULowwhJg,134,142,203,280,823,146,166,215,306,830,11,17,24,34,66,269,291,394,552,1587,74,81,93,166,425,206,227,325,420,1228,250,275,361,490,1456,30,33,57,96,197,12980
33835,OETh78qcgDltvHULowwhJg,134,142,203,280,823,146,166,215,306,830,11,17,24,34,66,269,291,394,552,1587,74,81,93,166,425,206,227,325,420,1228,250,275,361,490,1456,30,33,57,96,197,12980
33840,OETh78qcgDltvHULowwhJg,134,142,203,280,823,146,166,215,306,830,11,17,24,34,66,269,291,394,552,1587,74,81,93,166,425,206,227,325,420,1228,250,275,361,490,1456,30,33,57,96,197,12980
37066,OKZkEXzJt0XIamHRRTX-8g,94,103,101,96,77,103,92,117,109,91,14,20,14,13,6,183,175,204,192,162,48,35,50,46,41,149,160,168,159,127,171,162,187,167,144,26,33,31,38,24,3932
37067,OKZkEXzJt0XIamHRRTX-8g,94,103,101,96,77,103,92,117,109,91,14,20,14,13,6,183,175,204,192,162,48,35,50,46,41,149,160,168,159,127,171,162,187,167,144,26,33,31,38,24,3932
37069,OKZkEXzJt0XIamHRRTX-8g,94,103,101,96,77,103,92,117,109,91,14,20,14,13,6,183,175,204,192,162,48,35,50,46,41,149,160,168,159,127,171,162,187,167,144,26,33,31,38,24,3932
37070,OKZkEXzJt0XIamHRRTX-8g,94,103,101,96,77,103,92,117,109,91,14,20,14,13,6,183,175,204,192,162,48,35,50,46,41,149,160,168,159,127,171,162,187,167,144,26,33,31,38,24,3932
37071,OKZkEXzJt0XIamHRRTX-8g,94,103,101,96,77,103,92,117,109,91,14,20,14,13,6,183,175,204,192,162,48,35,50,46,41,149,160,168,159,127,171,162,187,167,144,26,33,31,38,24,3932
38049,RhEvP5flF6KoPriMHmVYGg,126,78,79,234,258,114,65,78,263,270,18,9,20,65,58,222,134,137,432,470,54,29,40,153,135,186,114,117,344,393,202,128,130,402,437,38,15,27,95,91,6260
38050,RhEvP5flF6KoPriMHmVYGg,126,78,79,234,258,114,65,78,263,270,18,9,20,65,58,222,134,137,432,470,54,29,40,153,135,186,114,117,344,393,202,128,130,402,437,38,15,27,95,91,6260
38052,RhEvP5flF6KoPriMHmVYGg,126,78,79,234,258,114,65,78,263,270,18,9,20,65,58,222,134,137,432,470,54,29,40,153,135,186,114,117,344,393,202,128,130,402,437,38,15,27,95,91,6260
38053,RhEvP5flF6KoPriMHmVYGg,126,78,79,234,258,114,65,78,263,270,18,9,20,65,58,222,134,137,432,470,54,29,40,153,135,186,114,117,344,393,202,128,130,402,437,38,15,27,95,91,6260
38114,RhEvP5flF6KoPriMHmVYGg,126,78,79,234,258,114,65,78,263,270,18,9,20,65,58,222,134,137,432,470,54,29,40,153,135,186,114,117,344,393,202,128,130,402,437,38,15,27,95,91,6260
39614,RtUvSWO_UZ8V3Wpj0n077w,20,24,85,222,278,14,25,99,251,288,5,5,16,30,39,29,44,168,443,527,4,16,52,142,158,30,33,132,331,408,31,39,149,382,459,3,10,35,91,107,5224
39616,RtUvSWO_UZ8V3Wpj0n077w,20,24,85,222,278,14,25,99,251,288,5,5,16,30,39,29,44,168,443,527,4,16,52,142,158,30,33,132,331,408,31,39,149,382,459,3,10,35,91,107,5224
39617,RtUvSWO_UZ8V3Wpj0n077w,20,24,85,222,278,14,25,99,251,288,5,5,16,30,39,29,44,168,443,527,4,16,52,142,158,30,33,132,331,408,31,39,149,382,459,3,10,35,91,107,5224
39625,RtUvSWO_UZ8V3Wpj0n077w,20,24,85,222,278,14,25,99,251,288,5,5,16,30,39,29,44,168,443,527,4,16,52,142,158,30,33,132,331,408,31,39,149,382,459,3,10,35,91,107,5224
39636,RtUvSWO_UZ8V3Wpj0n077w,20,24,85,222,278,14,25,99,251,288,5,5,16,30,39,29,44,168,443,527,4,16,52,142,158,30,33,132,331,408,31,39,149,382,459,3,10,35,91,107,5224
40920,TCWMgOiV0PxQkWE1SyBIWQ,24,40,66,108,213,23,40,86,137,239,3,12,12,17,29,44,68,140,228,423,9,25,39,72,107,38,55,113,173,345,45,69,137,215,384,2,11,15,30,68,3904
40921,TCWMgOiV0PxQkWE1SyBIWQ,24,40,66,108,213,23,40,86,137,239,3,12,12,17,29,44,68,140,228,423,9,25,39,72,107,38,55,113,173,345,45,69,137,215,384,2,11,15,30,68,3904
40922,TCWMgOiV0PxQkWE1SyBIWQ,24,40,66,108,213,23,40,86,137,239,3,12,12,17,29,44,68,140,228,423,9,25,39,72,107,38,55,113,173,345,45,69,137,215,384,2,11,15,30,68,3904
40924,TCWMgOiV0PxQkWE1SyBIWQ,24,40,66,108,213,23,40,86,137,239,3,12,12,17,29,44,68,140,228,423,9,25,39,72,107,38,55,113,173,345,45,69,137,215,384,2,11,15,30,68,3904
40926,TCWMgOiV0PxQkWE1SyBIWQ,24,40,66,108,213,23,40,86,137,239,3,12,12,17,29,44,68,140,228,423,9,25,39,72,107,38,55,113,173,345,45,69,137,215,384,2,11,15,30,68,3904
41896,ThNGovQZjZ5mn-ZwX_N2BQ,257,149,156,173,100,266,152,152,209,95,30,19,29,31,5,493,282,279,351,190,118,75,68,87,30,405,226,240,295,165,464,261,256,331,168,59,40,52,51,27,6836
41897,ThNGovQZjZ5mn-ZwX_N2BQ,257,149,156,173,100,266,152,152,209,95,30,19,29,31,5,493,282,279,351,190,118,75,68,87,30,405,226,240,295,165,464,261,256,331,168,59,40,52,51,27,6836
41898,ThNGovQZjZ5mn-ZwX_N2BQ,257,149,156,173,100,266,152,152,209,95,30,19,29,31,5,493,282,279,351,190,118,75,68,87,30,405,226,240,295,165,464,261,256,331,168,59,40,52,51,27,6836
41905,ThNGovQZjZ5mn-ZwX_N2BQ,257,149,156,173,100,266,152,152,209,95,30,19,29,31,5,493,282,279,351,190,118,75,68,87,30,405,226,240,295,165,464,261,256,331,168,59,40,52,51,27,6836
41909,ThNGovQZjZ5mn-ZwX_N2BQ,257,149,156,173,100,266,152,152,209,95,30,19,29,31,5,493,282,279,351,190,118,75,68,87,30,405,226,240,295,165,464,261,256,331,168,59,40,52,51,27,6836
43605,UYh1N1xQhOh-a7nX92xPzQ,51,41,68,182,206,38,45,92,198,221,10,6,18,34,26,79,80,142,346,401,17,20,51,118,133,72,66,109,262,294,67,63,129,293,337,22,23,31,87,90,4568
43606,UYh1N1xQhOh-a7nX92xPzQ,51,41,68,182,206,38,45,92,198,221,10,6,18,34,26,79,80,142,346,401,17,20,51,118,133,72,66,109,262,294,67,63,129,293,337,22,23,31,87,90,4568
43607,UYh1N1xQhOh-a7nX92xPzQ,51,41,68,182,206,38,45,92,198,221,10,6,18,34,26,79,80,142,346,401,17,20,51,118,133,72,66,109,262,294,67,63,129,293,337,22,23,31,87,90,4568
43610,UYh1N1xQhOh-a7nX92xPzQ,51,41,68,182,206,38,45,92,198,221,10,6,18,34,26,79,80,142,346,401,17,20,51,118,133,72,66,109,262,294,67,63,129,293,337,22,23,31,87,90,4568
43620,UYh1N1xQhOh-a7nX92xPzQ,51,41,68,182,206,38,45,92,198,221,10,6,18,34,26,79,80,142,346,401,17,20,51,118,133,72,66,109,262,294,67,63,129,293,337,22,23,31,87,90,4568
44747,WYw3Uf56DT5IwpaLNnCH5Q,110,89,159,402,422,111,102,154,427,487,12,14,27,62,47,209,177,286,767,862,48,53,75,216,228,173,138,238,613,681,193,173,284,729,804,28,18,29,100,105,9852
44748,WYw3Uf56DT5IwpaLNnCH5Q,110,89,159,402,422,111,102,154,427,487,12,14,27,62,47,209,177,286,767,862,48,53,75,216,228,173,138,238,613,681,193,173,284,729,804,28,18,29,100,105,9852
44749,WYw3Uf56DT5IwpaLNnCH5Q,110,89,159,402,422,111,102,154,427,487,12,14,27,62,47,209,177,286,767,862,48,53,75,216,228,173,138,238,613,681,193,173,284,729,804,28,18,29,100,105,9852
44751,WYw3Uf56DT5IwpaLNnCH5Q,110,89,159,402,422,111,102,154,427,487,12,14,27,62,47,209,177,286,767,862,48,53,75,216,228,173,138,238,613,681,193,173,284,729,804,28,18,29,100,105,9852
44759,WYw3Uf56DT5IwpaLNnCH5Q,110,89,159,402,422,111,102,154,427,487,12,14,27,62,47,209,177,286,767,862,48,53,75,216,228,173,138,238,613,681,193,173,284,729,804,28,18,29,100,105,9852
47210,ZibmYdOPKLlqDM9oR6xzOA,59,52,64,146,201,52,45,87,172,236,22,10,16,21,29,89,87,135,297,408,33,19,44,102,115,78,78,107,216,322,83,77,123,267,369,28,20,28,51,68,4456
47211,ZibmYdOPKLlqDM9oR6xzOA,59,52,64,146,201,52,45,87,172,236,22,10,16,21,29,89,87,135,297,408,33,19,44,102,115,78,78,107,216,322,83,77,123,267,369,28,20,28,51,68,4456
47214,ZibmYdOPKLlqDM9oR6xzOA,59,52,64,146,201,52,45,87,172,236,22,10,16,21,29,89,87,135,297,408,33,19,44,102,115,78,78,107,216,322,83,77,123,267,369,28,20,28,51,68,4456
47221,ZibmYdOPKLlqDM9oR6xzOA,59,52,64,146,201,52,45,87,172,236,22,10,16,21,29,89,87,135,297,408,33,19,44,102,115,78,78,107,216,322,83,77,123,267,369,28,20,28,51,68,4456
47240,ZibmYdOPKLlqDM9oR6xzOA,59,52,64,146,201,52,45,87,172,236,22,10,16,21,29,89,87,135,297,408,33,19,44,102,115,78,78,107,216,322,83,77,123,267,369,28,20,28,51,68,4456
48324,aLcFhMe6DDJ430zelCpd2A,33,43,100,244,262,30,42,106,232,244,5,13,25,49,36,58,72,181,427,470,17,25,63,134,142,46,60,143,342,364,54,68,163,363,422,9,17,43,113,84,5344
48325,aLcFhMe6DDJ430zelCpd2A,33,43,100,244,262,30,42,106,232,244,5,13,25,49,36,58,72,181,427,470,17,25,63,134,142,46,60,143,342,364,54,68,163,363,422,9,17,43,113,84,5344
48329,aLcFhMe6DDJ430zelCpd2A,33,43,100,244,262,30,42,106,232,244,5,13,25,49,36,58,72,181,427,470,17,25,63,134,142,46,60,143,342,364,54,68,163,363,422,9,17,43,113,84,5344
48330,aLcFhMe6DDJ430zelCpd2A,33,43,100,244,262,30,42,106,232,244,5,13,25,49,36,58,72,181,427,470,17,25,63,134,142,46,60,143,342,364,54,68,163,363,422,9,17,43,113,84,5344
48332,aLcFhMe6DDJ430zelCpd2A,33,43,100,244,262,30,42,106,232,244,5,13,25,49,36,58,72,181,427,470,17,25,63,134,142,46,60,143,342,364,54,68,163,363,422,9,17,43,113,84,5344
49660,bpRo8L8dkhgbJhdIKa9mwA,41,59,113,198,274,48,89,119,201,324,3,11,14,25,24,86,137,218,374,574,14,25,48,91,157,75,123,184,308,441,76,132,203,343,528,13,16,29,56,70,5864
49662,bpRo8L8dkhgbJhdIKa9mwA,41,59,113,198,274,48,89,119,201,324,3,11,14,25,24,86,137,218,374,574,14,25,48,91,157,75,123,184,308,441,76,132,203,343,528,13,16,29,56,70,5864
49664,bpRo8L8dkhgbJhdIKa9mwA,41,59,113,198,274,48,89,119,201,324,3,11,14,25,24,86,137,218,374,574,14,25,48,91,157,75,123,184,308,441,76,132,203,343,528,13,16,29,56,70,5864
49666,bpRo8L8dkhgbJhdIKa9mwA,41,59,113,198,274,48,89,119,201,324,3,11,14,25,24,86,137,218,374,574,14,25,48,91,157,75,123,184,308,441,76,132,203,343,528,13,16,29,56,70,5864
49667,bpRo8L8dkhgbJhdIKa9mwA,41,59,113,198,274,48,89,119,201,324,3,11,14,25,24,86,137,218,374,574,14,25,48,91,157,75,123,184,308,441,76,132,203,343,528,13,16,29,56,70,5864
51126,d4qwVw4PcN-_2mK2o1Ro1g,57,71,93,167,89,48,87,134,162,90,8,15,26,26,12,97,143,201,303,167,23,47,58,75,37,82,111,169,254,142,89,131,192,289,161,16,27,35,40,18,3992
51127,d4qwVw4PcN-_2mK2o1Ro1g,57,71,93,167,89,48,87,134,162,90,8,15,26,26,12,97,143,201,303,167,23,47,58,75,37,82,111,169,254,142,89,131,192,289,161,16,27,35,40,18,3992
51128,d4qwVw4PcN-_2mK2o1Ro1g,57,71,93,167,89,48,87,134,162,90,8,15,26,26,12,97,143,201,303,167,23,47,58,75,37,82,111,169,254,142,89,131,192,289,161,16,27,35,40,18,3992
51129,d4qwVw4PcN-_2mK2o1Ro1g,57,71,93,167,89,48,87,134,162,90,8,15,26,26,12,97,143,201,303,167,23,47,58,75,37,82,111,169,254,142,89,131,192,289,161,16,27,35,40,18,3992
51131,d4qwVw4PcN-_2mK2o1Ro1g,57,71,93,167,89,48,87,134,162,90,8,15,26,26,12,97,143,201,303,167,23,47,58,75,37,82,111,169,254,142,89,131,192,289,161,16,27,35,40,18,3992
52124,dEAk-gE-5Q95a7p91gNn8A,35,23,52,106,258,35,46,44,109,270,5,5,8,24,23,65,64,88,191,505,13,17,19,55,144,57,52,77,160,384,63,56,73,168,449,7,13,23,47,79,3912
52125,dEAk-gE-5Q95a7p91gNn8A,35,23,52,106,258,35,46,44,109,270,5,5,8,24,23,65,64,88,191,505,13,17,19,55,144,57,52,77,160,384,63,56,73,168,449,7,13,23,47,79,3912
52126,dEAk-gE-5Q95a7p91gNn8A,35,23,52,106,258,35,46,44,109,270,5,5,8,24,23,65,64,88,191,505,13,17,19,55,144,57,52,77,160,384,63,56,73,168,449,7,13,23,47,79,3912
52132,dEAk-gE-5Q95a7p91gNn8A,35,23,52,106,258,35,46,44,109,270,5,5,8,24,23,65,64,88,191,505,13,17,19,55,144,57,52,77,160,384,63,56,73,168,449,7,13,23,47,79,3912
52145,dEAk-gE-5Q95a7p91gNn8A,35,23,52,106,258,35,46,44,109,270,5,5,8,24,23,65,64,88,191,505,13,17,19,55,144,57,52,77,160,384,63,56,73,168,449,7,13,23,47,79,3912
53102,dn_ipqbm7_jUz5X3rDez_A,65,74,120,234,180,65,82,137,268,180,10,17,23,31,17,120,139,234,471,343,30,50,65,139,88,100,106,192,363,272,113,128,222,443,317,17,28,35,59,43,5620
53103,dn_ipqbm7_jUz5X3rDez_A,65,74,120,234,180,65,82,137,268,180,10,17,23,31,17,120,139,234,471,343,30,50,65,139,88,100,106,192,363,272,113,128,222,443,317,17,28,35,59,43,5620
53105,dn_ipqbm7_jUz5X3rDez_A,65,74,120,234,180,65,82,137,268,180,10,17,23,31,17,120,139,234,471,343,30,50,65,139,88,100,106,192,363,272,113,128,222,443,317,17,28,35,59,43,5620
53106,dn_ipqbm7_jUz5X3rDez_A,65,74,120,234,180,65,82,137,268,180,10,17,23,31,17,120,139,234,471,343,30,50,65,139,88,100,106,192,363,272,113,128,222,443,317,17,28,35,59,43,5620
53110,dn_ipqbm7_jUz5X3rDez_A,65,74,120,234,180,65,82,137,268,180,10,17,23,31,17,120,139,234,471,343,30,50,65,139,88,100,106,192,363,272,113,128,222,443,317,17,28,35,59,43,5620
54507,eEnNw3_hBvxcFHyr23kAuA,249,151,160,257,200,267,161,193,324,215,40,35,29,66,28,476,277,324,515,387,111,66,79,144,81,405,246,274,437,334,452,273,311,503,372,64,39,42,78,43,8708
54508,eEnNw3_hBvxcFHyr23kAuA,249,151,160,257,200,267,161,193,324,215,40,35,29,66,28,476,277,324,515,387,111,66,79,144,81,405,246,274,437,334,452,273,311,503,372,64,39,42,78,43,8708
54509,eEnNw3_hBvxcFHyr23kAuA,249,151,160,257,200,267,161,193,324,215,40,35,29,66,28,476,277,324,515,387,111,66,79,144,81,405,246,274,437,334,452,273,311,503,372,64,39,42,78,43,8708
54512,eEnNw3_hBvxcFHyr23kAuA,249,151,160,257,200,267,161,193,324,215,40,35,29,66,28,476,277,324,515,387,111,66,79,144,81,405,246,274,437,334,452,273,311,503,372,64,39,42,78,43,8708
54513,eEnNw3_hBvxcFHyr23kAuA,249,151,160,257,200,267,161,193,324,215,40,35,29,66,28,476,277,324,515,387,111,66,79,144,81,405,246,274,437,334,452,273,311,503,372,64,39,42,78,43,8708
56684,eJKnymd0BywNPrJw1IuXVw,51,36,65,119,293,42,28,60,141,295,6,10,15,13,27,87,54,110,247,561,21,16,26,61,145,72,48,99,199,443,74,53,98,228,523,19,11,27,32,65,4520
56685,eJKnymd0BywNPrJw1IuXVw,51,36,65,119,293,42,28,60,141,295,6,10,15,13,27,87,54,110,247,561,21,16,26,61,145,72,48,99,199,443,74,53,98,228,523,19,11,27,32,65,4520
56701,eJKnymd0BywNPrJw1IuXVw,51,36,65,119,293,42,28,60,141,295,6,10,15,13,27,87,54,110,247,561,21,16,26,61,145,72,48,99,199,443,74,53,98,228,523,19,11,27,32,65,4520
56710,eJKnymd0BywNPrJw1IuXVw,51,36,65,119,293,42,28,60,141,295,6,10,15,13,27,87,54,110,247,561,21,16,26,61,145,72,48,99,199,443,74,53,98,228,523,19,11,27,32,65,4520
56717,eJKnymd0BywNPrJw1IuXVw,51,36,65,119,293,42,28,60,141,295,6,10,15,13,27,87,54,110,247,561,21,16,26,61,145,72,48,99,199,443,74,53,98,228,523,19,11,27,32,65,4520
57814,f8IMQgRwo-8GP372MElDGQ,166,100,88,91,52,168,107,87,87,62,27,26,22,15,8,307,181,153,163,106,78,57,41,38,22,256,150,134,140,92,297,174,144,150,100,37,33,31,28,14,4032
57815,f8IMQgRwo-8GP372MElDGQ,166,100,88,91,52,168,107,87,87,62,27,26,22,15,8,307,181,153,163,106,78,57,41,38,22,256,150,134,140,92,297,174,144,150,100,37,33,31,28,14,4032
57817,f8IMQgRwo-8GP372MElDGQ,166,100,88,91,52,168,107,87,87,62,27,26,22,15,8,307,181,153,163,106,78,57,41,38,22,256,150,134,140,92,297,174,144,150,100,37,33,31,28,14,4032
57818,f8IMQgRwo-8GP372MElDGQ,166,100,88,91,52,168,107,87,87,62,27,26,22,15,8,307,181,153,163,106,78,57,41,38,22,256,150,134,140,92,297,174,144,150,100,37,33,31,28,14,4032
57824,f8IMQgRwo-8GP372MElDGQ,166,100,88,91,52,168,107,87,87,62,27,26,22,15,8,307,181,153,163,106,78,57,41,38,22,256,150,134,140,92,297,174,144,150,100,37,33,31,28,14,4032
58822,f9sU31meK0bqAD7922sCog,18,51,51,128,268,14,33,54,125,281,2,6,9,20,27,30,78,96,233,522,9,23,26,67,126,23,61,79,186,423,29,75,91,214,461,3,9,14,39,88,4092
58823,f9sU31meK0bqAD7922sCog,18,51,51,128,268,14,33,54,125,281,2,6,9,20,27,30,78,96,233,522,9,23,26,67,126,23,61,79,186,423,29,75,91,214,461,3,9,14,39,88,4092
58825,f9sU31meK0bqAD7922sCog,18,51,51,128,268,14,33,54,125,281,2,6,9,20,27,30,78,96,233,522,9,23,26,67,126,23,61,79,186,423,29,75,91,214,461,3,9,14,39,88,4092
58827,f9sU31meK0bqAD7922sCog,18,51,51,128,268,14,33,54,125,281,2,6,9,20,27,30,78,96,233,522,9,23,26,67,126,23,61,79,186,423,29,75,91,214,461,3,9,14,39,88,4092
58852,f9sU31meK0bqAD7922sCog,18,51,51,128,268,14,33,54,125,281,2,6,9,20,27,30,78,96,233,522,9,23,26,67,126,23,61,79,186,423,29,75,91,214,461,3,9,14,39,88,4092
59845,fL-b760btOaGa85OJ9ut3w,36,64,98,286,843,37,41,102,262,848,5,16,15,42,98,68,89,185,506,1593,16,19,59,143,416,57,86,141,405,1275,62,81,157,449,1451,11,24,43,99,240,10468
59846,fL-b760btOaGa85OJ9ut3w,36,64,98,286,843,37,41,102,262,848,5,16,15,42,98,68,89,185,506,1593,16,19,59,143,416,57,86,141,405,1275,62,81,157,449,1451,11,24,43,99,240,10468
59847,fL-b760btOaGa85OJ9ut3w,36,64,98,286,843,37,41,102,262,848,5,16,15,42,98,68,89,185,506,1593,16,19,59,143,416,57,86,141,405,1275,62,81,157,449,1451,11,24,43,99,240,10468
59859,fL-b760btOaGa85OJ9ut3w,36,64,98,286,843,37,41,102,262,848,5,16,15,42,98,68,89,185,506,1593,16,19,59,143,416,57,86,141,405,1275,62,81,157,449,1451,11,24,43,99,240,10468
59864,fL-b760btOaGa85OJ9ut3w,36,64,98,286,843,37,41,102,262,848,5,16,15,42,98,68,89,185,506,1593,16,19,59,143,416,57,86,141,405,1275,62,81,157,449,1451,11,24,43,99,240,10468
62462,hIUKufhwR6Ifn7bi0-phLA,10,10,24,89,430,8,9,13,87,466,2,1,6,20,66,16,18,31,156,830,5,5,10,47,284,13,14,27,129,612,16,11,21,129,729,2,8,16,47,167,4584
62464,hIUKufhwR6Ifn7bi0-phLA,10,10,24,89,430,8,9,13,87,466,2,1,6,20,66,16,18,31,156,830,5,5,10,47,284,13,14,27,129,612,16,11,21,129,729,2,8,16,47,167,4584
62465,hIUKufhwR6Ifn7bi0-phLA,10,10,24,89,430,8,9,13,87,466,2,1,6,20,66,16,18,31,156,830,5,5,10,47,284,13,14,27,129,612,16,11,21,129,729,2,8,16,47,167,4584
62501,hIUKufhwR6Ifn7bi0-phLA,10,10,24,89,430,8,9,13,87,466,2,1,6,20,66,16,18,31,156,830,5,5,10,47,284,13,14,27,129,612,16,11,21,129,729,2,8,16,47,167,4584
62513,hIUKufhwR6Ifn7bi0-phLA,10,10,24,89,430,8,9,13,87,466,2,1,6,20,66,16,18,31,156,830,5,5,10,47,284,13,14,27,129,612,16,11,21,129,729,2,8,16,47,167,4584
63608,iGEvDk6hsizigmXhDKs2Vg,14,11,40,164,275,9,8,57,174,296,1,2,16,20,23,22,17,81,318,548,4,4,31,92,176,19,15,66,246,395,22,15,69,265,468,1,4,28,73,103,4192
63610,iGEvDk6hsizigmXhDKs2Vg,14,11,40,164,275,9,8,57,174,296,1,2,16,20,23,22,17,81,318,548,4,4,31,92,176,19,15,66,246,395,22,15,69,265,468,1,4,28,73,103,4192
63622,iGEvDk6hsizigmXhDKs2Vg,14,11,40,164,275,9,8,57,174,296,1,2,16,20,23,22,17,81,318,548,4,4,31,92,176,19,15,66,246,395,22,15,69,265,468,1,4,28,73,103,4192
63631,iGEvDk6hsizigmXhDKs2Vg,14,11,40,164,275,9,8,57,174,296,1,2,16,20,23,22,17,81,318,548,4,4,31,92,176,19,15,66,246,395,22,15,69,265,468,1,4,28,73,103,4192
63652,iGEvDk6hsizigmXhDKs2Vg,14,11,40,164,275,9,8,57,174,296,1,2,16,20,23,22,17,81,318,548,4,4,31,92,176,19,15,66,246,395,22,15,69,265,468,1,4,28,73,103,4192
64656,iIwKW2cBAxjElE8eUzjwqA,45,60,87,157,218,52,63,96,165,218,2,3,13,17,20,95,120,170,305,416,25,27,48,91,110,72,96,135,231,326,90,111,153,276,381,7,12,30,46,55,4644
64657,iIwKW2cBAxjElE8eUzjwqA,45,60,87,157,218,52,63,96,165,218,2,3,13,17,20,95,120,170,305,416,25,27,48,91,110,72,96,135,231,326,90,111,153,276,381,7,12,30,46,55,4644
64659,iIwKW2cBAxjElE8eUzjwqA,45,60,87,157,218,52,63,96,165,218,2,3,13,17,20,95,120,170,305,416,25,27,48,91,110,72,96,135,231,326,90,111,153,276,381,7,12,30,46,55,4644
64660,iIwKW2cBAxjElE8eUzjwqA,45,60,87,157,218,52,63,96,165,218,2,3,13,17,20,95,120,170,305,416,25,27,48,91,110,72,96,135,231,326,90,111,153,276,381,7,12,30,46,55,4644
64664,iIwKW2cBAxjElE8eUzjwqA,45,60,87,157,218,52,63,96,165,218,2,3,13,17,20,95,120,170,305,416,25,27,48,91,110,72,96,135,231,326,90,111,153,276,381,7,12,30,46,55,4644
65817,l_GV0hgEoTUf70uJVT0_hg,43,52,101,283,553,58,59,115,300,552,5,10,17,43,60,96,101,199,540,1045,29,28,56,148,295,72,83,160,435,810,89,93,180,481,938,12,18,36,102,167,8464
65818,l_GV0hgEoTUf70uJVT0_hg,43,52,101,283,553,58,59,115,300,552,5,10,17,43,60,96,101,199,540,1045,29,28,56,148,295,72,83,160,435,810,89,93,180,481,938,12,18,36,102,167,8464
65823,l_GV0hgEoTUf70uJVT0_hg,43,52,101,283,553,58,59,115,300,552,5,10,17,43,60,96,101,199,540,1045,29,28,56,148,295,72,83,160,435,810,89,93,180,481,938,12,18,36,102,167,8464
65830,l_GV0hgEoTUf70uJVT0_hg,43,52,101,283,553,58,59,115,300,552,5,10,17,43,60,96,101,199,540,1045,29,28,56,148,295,72,83,160,435,810,89,93,180,481,938,12,18,36,102,167,8464
65851,l_GV0hgEoTUf70uJVT0_hg,43,52,101,283,553,58,59,115,300,552,5,10,17,43,60,96,101,199,540,1045,29,28,56,148,295,72,83,160,435,810,89,93,180,481,938,12,18,36,102,167,8464
67933,mDR12Hafvr84ctpsV6YLag,17,21,61,156,766,18,22,51,157,795,4,3,6,21,60,31,40,106,292,1501,10,12,28,77,410,25,31,84,236,1151,27,36,89,261,1369,8,7,23,52,192,8256
67953,mDR12Hafvr84ctpsV6YLag,17,21,61,156,766,18,22,51,157,795,4,3,6,21,60,31,40,106,292,1501,10,12,28,77,410,25,31,84,236,1151,27,36,89,261,1369,8,7,23,52,192,8256
67956,mDR12Hafvr84ctpsV6YLag,17,21,61,156,766,18,22,51,157,795,4,3,6,21,60,31,40,106,292,1501,10,12,28,77,410,25,31,84,236,1151,27,36,89,261,1369,8,7,23,52,192,8256
67957,mDR12Hafvr84ctpsV6YLag,17,21,61,156,766,18,22,51,157,795,4,3,6,21,60,31,40,106,292,1501,10,12,28,77,410,25,31,84,236,1151,27,36,89,261,1369,8,7,23,52,192,8256
68069,mDR12Hafvr84ctpsV6YLag,17,21,61,156,766,18,22,51,157,795,4,3,6,21,60,31,40,106,292,1501,10,12,28,77,410,25,31,84,236,1151,27,36,89,261,1369,8,7,23,52,192,8256
69997,p0iEUamJVp_QpaheE-Nz_g,118,61,124,242,188,122,74,134,265,186,18,12,41,43,21,222,123,217,464,353,58,35,63,116,99,182,100,195,391,275,206,117,220,422,323,34,18,38,85,51,6056
70001,p0iEUamJVp_QpaheE-Nz_g,118,61,124,242,188,122,74,134,265,186,18,12,41,43,21,222,123,217,464,353,58,35,63,116,99,182,100,195,391,275,206,117,220,422,323,34,18,38,85,51,6056
70003,p0iEUamJVp_QpaheE-Nz_g,118,61,124,242,188,122,74,134,265,186,18,12,41,43,21,222,123,217,464,353,58,35,63,116,99,182,100,195,391,275,206,117,220,422,323,34,18,38,85,51,6056
70009,p0iEUamJVp_QpaheE-Nz_g,118,61,124,242,188,122,74,134,265,186,18,12,41,43,21,222,123,217,464,353,58,35,63,116,99,182,100,195,391,275,206,117,220,422,323,34,18,38,85,51,6056
70012,p0iEUamJVp_QpaheE-Nz_g,118,61,124,242,188,122,74,134,265,186,18,12,41,43,21,222,123,217,464,353,58,35,63,116,99,182,100,195,391,275,206,117,220,422,323,34,18,38,85,51,6056
71511,pHJu8tj3sI8eC5aIHLFEfQ,46,52,62,182,306,45,69,78,193,380,7,5,17,27,28,84,116,123,348,658,22,35,41,106,191,69,86,99,269,495,72,102,110,297,587,19,19,30,78,99,5652
71513,pHJu8tj3sI8eC5aIHLFEfQ,46,52,62,182,306,45,69,78,193,380,7,5,17,27,28,84,116,123,348,658,22,35,41,106,191,69,86,99,269,495,72,102,110,297,587,19,19,30,78,99,5652
71514,pHJu8tj3sI8eC5aIHLFEfQ,46,52,62,182,306,45,69,78,193,380,7,5,17,27,28,84,116,123,348,658,22,35,41,106,191,69,86,99,269,495,72,102,110,297,587,19,19,30,78,99,5652
71520,pHJu8tj3sI8eC5aIHLFEfQ,46,52,62,182,306,45,69,78,193,380,7,5,17,27,28,84,116,123,348,658,22,35,41,106,191,69,86,99,269,495,72,102,110,297,587,19,19,30,78,99,5652
71521,pHJu8tj3sI8eC5aIHLFEfQ,46,52,62,182,306,45,69,78,193,380,7,5,17,27,28,84,116,123,348,658,22,35,41,106,191,69,86,99,269,495,72,102,110,297,587,19,19,30,78,99,5652
72924,pomGBqfbxcqPv14c3XH-ZQ,62,43,59,119,250,74,53,73,117,275,7,13,18,17,29,129,83,114,219,496,28,27,37,61,137,108,69,95,175,388,114,76,96,195,456,22,20,36,41,69,4500
72925,pomGBqfbxcqPv14c3XH-ZQ,62,43,59,119,250,74,53,73,117,275,7,13,18,17,29,129,83,114,219,496,28,27,37,61,137,108,69,95,175,388,114,76,96,195,456,22,20,36,41,69,4500
72926,pomGBqfbxcqPv14c3XH-ZQ,62,43,59,119,250,74,53,73,117,275,7,13,18,17,29,129,83,114,219,496,28,27,37,61,137,108,69,95,175,388,114,76,96,195,456,22,20,36,41,69,4500
72928,pomGBqfbxcqPv14c3XH-ZQ,62,43,59,119,250,74,53,73,117,275,7,13,18,17,29,129,83,114,219,496,28,27,37,61,137,108,69,95,175,388,114,76,96,195,456,22,20,36,41,69,4500
72943,pomGBqfbxcqPv14c3XH-ZQ,62,43,59,119,250,74,53,73,117,275,7,13,18,17,29,129,83,114,219,496,28,27,37,61,137,108,69,95,175,388,114,76,96,195,456,22,20,36,41,69,4500
74049,q3dJQtwZQrrurNT-1bNKgQ,61,45,51,131,319,43,39,52,145,363,10,6,10,23,27,94,78,93,253,655,20,18,19,64,168,84,66,84,212,514,92,63,87,231,608,12,21,16,45,74,4996
74050,q3dJQtwZQrrurNT-1bNKgQ,61,45,51,131,319,43,39,52,145,363,10,6,10,23,27,94,78,93,253,655,20,18,19,64,168,84,66,84,212,514,92,63,87,231,608,12,21,16,45,74,4996
74051,q3dJQtwZQrrurNT-1bNKgQ,61,45,51,131,319,43,39,52,145,363,10,6,10,23,27,94,78,93,253,655,20,18,19,64,168,84,66,84,212,514,92,63,87,231,608,12,21,16,45,74,4996
74058,q3dJQtwZQrrurNT-1bNKgQ,61,45,51,131,319,43,39,52,145,363,10,6,10,23,27,94,78,93,253,655,20,18,19,64,168,84,66,84,212,514,92,63,87,231,608,12,21,16,45,74,4996
74060,q3dJQtwZQrrurNT-1bNKgQ,61,45,51,131,319,43,39,52,145,363,10,6,10,23,27,94,78,93,253,655,20,18,19,64,168,84,66,84,212,514,92,63,87,231,608,12,21,16,45,74,4996
75298,r_BrIgzYcwo1NAuG9dLbpg,14,35,78,326,459,20,25,81,325,474,4,2,14,47,50,30,58,145,604,883,7,15,52,193,253,27,45,107,458,680,28,51,124,521,800,6,9,35,130,133,7348
75299,r_BrIgzYcwo1NAuG9dLbpg,14,35,78,326,459,20,25,81,325,474,4,2,14,47,50,30,58,145,604,883,7,15,52,193,253,27,45,107,458,680,28,51,124,521,800,6,9,35,130,133,7348
75306,r_BrIgzYcwo1NAuG9dLbpg,14,35,78,326,459,20,25,81,325,474,4,2,14,47,50,30,58,145,604,883,7,15,52,193,253,27,45,107,458,680,28,51,124,521,800,6,9,35,130,133,7348
75309,r_BrIgzYcwo1NAuG9dLbpg,14,35,78,326,459,20,25,81,325,474,4,2,14,47,50,30,58,145,604,883,7,15,52,193,253,27,45,107,458,680,28,51,124,521,800,6,9,35,130,133,7348
75352,r_BrIgzYcwo1NAuG9dLbpg,14,35,78,326,459,20,25,81,325,474,4,2,14,47,50,30,58,145,604,883,7,15,52,193,253,27,45,107,458,680,28,51,124,521,800,6,9,35,130,133,7348
77135,uW6UHfONAmm8QttPkbMewQ,25,16,27,157,414,20,17,57,153,378,7,1,8,39,49,38,32,76,271,743,14,13,28,89,215,31,20,56,221,577,35,29,62,238,643,10,4,22,72,149,5056
77136,uW6UHfONAmm8QttPkbMewQ,25,16,27,157,414,20,17,57,153,378,7,1,8,39,49,38,32,76,271,743,14,13,28,89,215,31,20,56,221,577,35,29,62,238,643,10,4,22,72,149,5056
77156,uW6UHfONAmm8QttPkbMewQ,25,16,27,157,414,20,17,57,153,378,7,1,8,39,49,38,32,76,271,743,14,13,28,89,215,31,20,56,221,577,35,29,62,238,643,10,4,22,72,149,5056
77158,uW6UHfONAmm8QttPkbMewQ,25,16,27,157,414,20,17,57,153,378,7,1,8,39,49,38,32,76,271,743,14,13,28,89,215,31,20,56,221,577,35,29,62,238,643,10,4,22,72,149,5056
77180,uW6UHfONAmm8QttPkbMewQ,25,16,27,157,414,20,17,57,153,378,7,1,8,39,49,38,32,76,271,743,14,13,28,89,215,31,20,56,221,577,35,29,62,238,643,10,4,22,72,149,5056
78399,vx4YAA02Qz6khRD1fZ1MFA,52,43,96,163,124,52,53,81,175,102,7,9,26,25,12,97,87,151,313,214,23,36,44,109,54,81,60,133,229,172,90,74,141,283,192,14,22,36,55,34,3764
78400,vx4YAA02Qz6khRD1fZ1MFA,52,43,96,163,124,52,53,81,175,102,7,9,26,25,12,97,87,151,313,214,23,36,44,109,54,81,60,133,229,172,90,74,141,283,192,14,22,36,55,34,3764
78401,vx4YAA02Qz6khRD1fZ1MFA,52,43,96,163,124,52,53,81,175,102,7,9,26,25,12,97,87,151,313,214,23,36,44,109,54,81,60,133,229,172,90,74,141,283,192,14,22,36,55,34,3764
78403,vx4YAA02Qz6khRD1fZ1MFA,52,43,96,163,124,52,53,81,175,102,7,9,26,25,12,97,87,151,313,214,23,36,44,109,54,81,60,133,229,172,90,74,141,283,192,14,22,36,55,34,3764
78409,vx4YAA02Qz6khRD1fZ1MFA,52,43,96,163,124,52,53,81,175,102,7,9,26,25,12,97,87,151,313,214,23,36,44,109,54,81,60,133,229,172,90,74,141,283,192,14,22,36,55,34,3764
79340,w8RWhhuKxMiFCpvFvIQ3zg,17,24,56,191,171,12,18,59,212,196,2,3,8,37,24,27,39,107,366,343,7,13,36,119,100,22,29,79,284,267,25,31,97,330,317,4,11,18,73,50,3824
79341,w8RWhhuKxMiFCpvFvIQ3zg,17,24,56,191,171,12,18,59,212,196,2,3,8,37,24,27,39,107,366,343,7,13,36,119,100,22,29,79,284,267,25,31,97,330,317,4,11,18,73,50,3824
79344,w8RWhhuKxMiFCpvFvIQ3zg,17,24,56,191,171,12,18,59,212,196,2,3,8,37,24,27,39,107,366,343,7,13,36,119,100,22,29,79,284,267,25,31,97,330,317,4,11,18,73,50,3824
79345,w8RWhhuKxMiFCpvFvIQ3zg,17,24,56,191,171,12,18,59,212,196,2,3,8,37,24,27,39,107,366,343,7,13,36,119,100,22,29,79,284,267,25,31,97,330,317,4,11,18,73,50,3824
79383,w8RWhhuKxMiFCpvFvIQ3zg,17,24,56,191,171,12,18,59,212,196,2,3,8,37,24,27,39,107,366,343,7,13,36,119,100,22,29,79,284,267,25,31,97,330,317,4,11,18,73,50,3824
80296,xtYiHTmunjfCN2sUaQxBjA,380,195,214,231,120,321,214,251,287,109,54,38,50,49,10,647,371,415,469,219,146,93,121,144,51,555,316,344,374,178,610,368,413,454,201,91,41,52,64,28,9288
80298,xtYiHTmunjfCN2sUaQxBjA,380,195,214,231,120,321,214,251,287,109,54,38,50,49,10,647,371,415,469,219,146,93,121,144,51,555,316,344,374,178,610,368,413,454,201,91,41,52,64,28,9288
80300,xtYiHTmunjfCN2sUaQxBjA,380,195,214,231,120,321,214,251,287,109,54,38,50,49,10,647,371,415,469,219,146,93,121,144,51,555,316,344,374,178,610,368,413,454,201,91,41,52,64,28,9288
80303,xtYiHTmunjfCN2sUaQxBjA,380,195,214,231,120,321,214,251,287,109,54,38,50,49,10,647,371,415,469,219,146,93,121,144,51,555,316,344,374,178,610,368,413,454,201,91,41,52,64,28,9288
80317,xtYiHTmunjfCN2sUaQxBjA,380,195,214,231,120,321,214,251,287,109,54,38,50,49,10,647,371,415,469,219,146,93,121,144,51,555,316,344,374,178,610,368,413,454,201,91,41,52,64,28,9288
